{
	"start":	{
		"connected":	[{
				"socket":	5,
				"local_host":	"10.10.12.1",
				"local_port":	47368,
				"remote_host":	"10.10.12.2",
				"remote_port":	5201
			}],
		"version":	"iperf 3.7",
		"system_info":	"Linux crawler5 4.19.0-5-amd64 #1 SMP Debian 4.19.37-5 (2019-06-19) x86_64",
		"timestamp":	{
			"time":	"Thu, 17 Oct 2019 16:02:01 GMT",
			"timesecs":	1571328121
		},
		"connecting_to":	{
			"host":	"10.10.12.2",
			"port":	5201
		},
		"cookie":	"62kfrnbtlfrz7laeaoiyyv3rrtzw463alrfb",
		"tcp_mss_default":	1448,
		"sock_bufsize":	0,
		"sndbuf_actual":	16384,
		"rcvbuf_actual":	87380,
		"test_start":	{
			"protocol":	"TCP",
			"num_streams":	1,
			"blksize":	131072,
			"omit":	0,
			"duration":	10,
			"bytes":	0,
			"blocks":	0,
			"reverse":	0,
			"tos":	0
		}
	},
	"intervals":	[{
			"streams":	[{
					"socket":	5,
					"start":	0,
					"end":	1.011945,
					"seconds":	1.0119450092315674,
					"bytes":	31212344,
					"bits_per_second":	246751305.37934247,
					"retransmits":	0,
					"snd_cwnd":	194032,
					"rtt":	3858,
					"rttvar":	594,
					"pmtu":	1500,
					"omitted":	false,
					"sender":	true
				}],
			"sum":	{
				"start":	0,
				"end":	1.011945,
				"seconds":	1.0119450092315674,
				"bytes":	31212344,
				"bits_per_second":	246751305.37934247,
				"retransmits":	0,
				"omitted":	false,
				"sender":	true
			}
		}, {
			"streams":	[{
					"socket":	5,
					"start":	1.011945,
					"end":	2.016242,
					"seconds":	1.0042970180511475,
					"bytes":	31457280,
					"bits_per_second":	250581486.8278175,
					"retransmits":	0,
					"snd_cwnd":	220096,
					"rtt":	4096,
					"rttvar":	762,
					"pmtu":	1500,
					"omitted":	false,
					"sender":	true
				}],
			"sum":	{
				"start":	1.011945,
				"end":	2.016242,
				"seconds":	1.0042970180511475,
				"bytes":	31457280,
				"bits_per_second":	250581486.8278175,
				"retransmits":	0,
				"omitted":	false,
				"sender":	true
			}
		}, {
			"streams":	[{
					"socket":	5,
					"start":	2.016242,
					"end":	3.019096,
					"seconds":	1.0028539896011353,
					"bytes":	31457280,
					"bits_per_second":	250942053.98743236,
					"retransmits":	0,
					"snd_cwnd":	233128,
					"rtt":	2872,
					"rttvar":	1063,
					"pmtu":	1500,
					"omitted":	false,
					"sender":	true
				}],
			"sum":	{
				"start":	2.016242,
				"end":	3.019096,
				"seconds":	1.0028539896011353,
				"bytes":	31457280,
				"bits_per_second":	250942053.98743236,
				"retransmits":	0,
				"omitted":	false,
				"sender":	true
			}
		}, {
			"streams":	[{
					"socket":	5,
					"start":	3.019096,
					"end":	4.022458,
					"seconds":	1.0033620595932007,
					"bytes":	31457280,
					"bits_per_second":	250814985.07331577,
					"retransmits":	0,
					"snd_cwnd":	247608,
					"rtt":	4618,
					"rttvar":	1260,
					"pmtu":	1500,
					"omitted":	false,
					"sender":	true
				}],
			"sum":	{
				"start":	3.019096,
				"end":	4.022458,
				"seconds":	1.0033620595932007,
				"bytes":	31457280,
				"bits_per_second":	250814985.07331577,
				"retransmits":	0,
				"omitted":	false,
				"sender":	true
			}
		}, {
			"streams":	[{
					"socket":	5,
					"start":	4.022458,
					"end":	5.025237,
					"seconds":	1.0027790069580078,
					"bytes":	31457280,
					"bits_per_second":	250960818.14020106,
					"retransmits":	0,
					"snd_cwnd":	247608,
					"rtt":	5940,
					"rttvar":	1467,
					"pmtu":	1500,
					"omitted":	false,
					"sender":	true
				}],
			"sum":	{
				"start":	4.022458,
				"end":	5.025237,
				"seconds":	1.0027790069580078,
				"bytes":	31457280,
				"bits_per_second":	250960818.14020106,
				"retransmits":	0,
				"omitted":	false,
				"sender":	true
			}
		}, {
			"streams":	[{
					"socket":	5,
					"start":	5.025237,
					"end":	6.02971,
					"seconds":	1.0044729709625244,
					"bytes":	31457280,
					"bits_per_second":	250537592.62317577,
					"retransmits":	0,
					"snd_cwnd":	247608,
					"rtt":	4521,
					"rttvar":	1041,
					"pmtu":	1500,
					"omitted":	false,
					"sender":	true
				}],
			"sum":	{
				"start":	5.025237,
				"end":	6.02971,
				"seconds":	1.0044729709625244,
				"bytes":	31457280,
				"bits_per_second":	250537592.62317577,
				"retransmits":	0,
				"omitted":	false,
				"sender":	true
			}
		}, {
			"streams":	[{
					"socket":	5,
					"start":	6.02971,
					"end":	7.024985,
					"seconds":	0.99527502059936523,
					"bytes":	31457280,
					"bits_per_second":	252852965.0512566,
					"retransmits":	0,
					"snd_cwnd":	247608,
					"rtt":	2933,
					"rttvar":	1079,
					"pmtu":	1500,
					"omitted":	false,
					"sender":	true
				}],
			"sum":	{
				"start":	6.02971,
				"end":	7.024985,
				"seconds":	0.99527502059936523,
				"bytes":	31457280,
				"bits_per_second":	252852965.0512566,
				"retransmits":	0,
				"omitted":	false,
				"sender":	true
			}
		}, {
			"streams":	[{
					"socket":	5,
					"start":	7.024985,
					"end":	8.019561,
					"seconds":	0.99457597732543945,
					"bytes":	31457280,
					"bits_per_second":	253030684.16828835,
					"retransmits":	0,
					"snd_cwnd":	247608,
					"rtt":	4736,
					"rttvar":	1194,
					"pmtu":	1500,
					"omitted":	false,
					"sender":	true
				}],
			"sum":	{
				"start":	7.024985,
				"end":	8.019561,
				"seconds":	0.99457597732543945,
				"bytes":	31457280,
				"bits_per_second":	253030684.16828835,
				"retransmits":	0,
				"omitted":	false,
				"sender":	true
			}
		}, {
			"streams":	[{
					"socket":	5,
					"start":	8.019561,
					"end":	9.01489,
					"seconds":	0.99532902240753174,
					"bytes":	31457280,
					"bits_per_second":	252839246.4546864,
					"retransmits":	0,
					"snd_cwnd":	247608,
					"rtt":	3321,
					"rttvar":	986,
					"pmtu":	1500,
					"omitted":	false,
					"sender":	true
				}],
			"sum":	{
				"start":	8.019561,
				"end":	9.01489,
				"seconds":	0.99532902240753174,
				"bytes":	31457280,
				"bits_per_second":	252839246.4546864,
				"retransmits":	0,
				"omitted":	false,
				"sender":	true
			}
		}, {
			"streams":	[{
					"socket":	5,
					"start":	9.01489,
					"end":	10.010225,
					"seconds":	0.99533498287200928,
					"bytes":	31457280,
					"bits_per_second":	252837732.35202453,
					"retransmits":	0,
					"snd_cwnd":	247608,
					"rtt":	5646,
					"rttvar":	1396,
					"pmtu":	1500,
					"omitted":	false,
					"sender":	true
				}],
			"sum":	{
				"start":	9.01489,
				"end":	10.010225,
				"seconds":	0.99533498287200928,
				"bytes":	31457280,
				"bits_per_second":	252837732.35202453,
				"retransmits":	0,
				"omitted":	false,
				"sender":	true
			}
		}],
	"end":	{
		"streams":	[{
				"sender":	{
					"socket":	5,
					"start":	0,
					"end":	10.010225,
					"seconds":	10.010225,
					"bytes":	314327864,
					"bits_per_second":	251205433.64409891,
					"retransmits":	0,
					"max_snd_cwnd":	247608,
					"max_rtt":	5940,
					"min_rtt":	2872,
					"mean_rtt":	4254,
					"sender":	true
				},
				"receiver":	{
					"socket":	5,
					"start":	0,
					"end":	10.052332,
					"seconds":	10.010225,
					"bytes":	314290912,
					"bits_per_second":	250123781.82495365,
					"sender":	true
				}
			}],
		"sum_sent":	{
			"start":	0,
			"end":	10.010225,
			"seconds":	10.010225,
			"bytes":	314327864,
			"bits_per_second":	251205433.64409891,
			"retransmits":	0,
			"sender":	true
		},
		"sum_received":	{
			"start":	0,
			"end":	10.052332,
			"seconds":	10.052332,
			"bytes":	314290912,
			"bits_per_second":	250123781.82495365,
			"sender":	true
		},
		"cpu_utilization_percent":	{
			"host_total":	92.077055219341759,
			"host_user":	0.13261476401455297,
			"host_system":	91.9444107432815,
			"remote_total":	12.705276662093384,
			"remote_user":	0.630102390663092,
			"remote_system":	12.075174271430294
		},
		"sender_tcp_congestion":	"cubic",
		"receiver_tcp_congestion":	"cubic"
	}
}
