{
	"start":	{
		"connected":	[{
				"socket":	5,
				"local_host":	"10.10.12.1",
				"local_port":	47346,
				"remote_host":	"10.10.12.2",
				"remote_port":	5201
			}],
		"version":	"iperf 3.7",
		"system_info":	"Linux crawler5 4.19.0-5-amd64 #1 SMP Debian 4.19.37-5 (2019-06-19) x86_64",
		"timestamp":	{
			"time":	"Thu, 17 Oct 2019 16:01:05 GMT",
			"timesecs":	1571328065
		},
		"connecting_to":	{
			"host":	"10.10.12.2",
			"port":	5201
		},
		"cookie":	"qve5rn6fru4invg7ct4i2kkzaztdkwpxns7v",
		"tcp_mss_default":	1448,
		"sock_bufsize":	0,
		"sndbuf_actual":	16384,
		"rcvbuf_actual":	87380,
		"test_start":	{
			"protocol":	"TCP",
			"num_streams":	1,
			"blksize":	131072,
			"omit":	0,
			"duration":	10,
			"bytes":	0,
			"blocks":	0,
			"reverse":	0,
			"tos":	0
		}
	},
	"intervals":	[{
			"streams":	[{
					"socket":	5,
					"start":	0,
					"end":	1.012079,
					"seconds":	1.0120790004730225,
					"bytes":	50379320,
					"bits_per_second":	398224407.19709718,
					"retransmits":	0,
					"snd_cwnd":	225888,
					"rtt":	2293,
					"rttvar":	187,
					"pmtu":	1500,
					"omitted":	false,
					"sender":	true
				}],
			"sum":	{
				"start":	0,
				"end":	1.012079,
				"seconds":	1.0120790004730225,
				"bytes":	50379320,
				"bits_per_second":	398224407.19709718,
				"retransmits":	0,
				"omitted":	false,
				"sender":	true
			}
		}, {
			"streams":	[{
					"socket":	5,
					"start":	1.012079,
					"end":	2.024596,
					"seconds":	1.012516975402832,
					"bytes":	51118080,
					"bits_per_second":	403889169.20360816,
					"retransmits":	0,
					"snd_cwnd":	253400,
					"rtt":	2404,
					"rttvar":	278,
					"pmtu":	1500,
					"omitted":	false,
					"sender":	true
				}],
			"sum":	{
				"start":	1.012079,
				"end":	2.024596,
				"seconds":	1.012516975402832,
				"bytes":	51118080,
				"bits_per_second":	403889169.20360816,
				"retransmits":	0,
				"omitted":	false,
				"sender":	true
			}
		}, {
			"streams":	[{
					"socket":	5,
					"start":	2.024596,
					"end":	3.010859,
					"seconds":	0.9862629771232605,
					"bytes":	49807360,
					"bits_per_second":	404008757.544796,
					"retransmits":	0,
					"snd_cwnd":	267880,
					"rtt":	2501,
					"rttvar":	87,
					"pmtu":	1500,
					"omitted":	false,
					"sender":	true
				}],
			"sum":	{
				"start":	2.024596,
				"end":	3.010859,
				"seconds":	0.9862629771232605,
				"bytes":	49807360,
				"bits_per_second":	404008757.544796,
				"retransmits":	0,
				"omitted":	false,
				"sender":	true
			}
		}, {
			"streams":	[{
					"socket":	5,
					"start":	3.010859,
					"end":	4.022802,
					"seconds":	1.011942982673645,
					"bytes":	51118080,
					"bits_per_second":	404118262.591763,
					"retransmits":	0,
					"snd_cwnd":	267880,
					"rtt":	2553,
					"rttvar":	56,
					"pmtu":	1500,
					"omitted":	false,
					"sender":	true
				}],
			"sum":	{
				"start":	3.010859,
				"end":	4.022802,
				"seconds":	1.011942982673645,
				"bytes":	51118080,
				"bits_per_second":	404118262.591763,
				"retransmits":	0,
				"omitted":	false,
				"sender":	true
			}
		}, {
			"streams":	[{
					"socket":	5,
					"start":	4.022802,
					"end":	5.021109,
					"seconds":	0.9983069896697998,
					"bytes":	49807360,
					"bits_per_second":	399134619.03316367,
					"retransmits":	0,
					"snd_cwnd":	267880,
					"rtt":	2248,
					"rttvar":	445,
					"pmtu":	1500,
					"omitted":	false,
					"sender":	true
				}],
			"sum":	{
				"start":	4.022802,
				"end":	5.021109,
				"seconds":	0.9983069896697998,
				"bytes":	49807360,
				"bits_per_second":	399134619.03316367,
				"retransmits":	0,
				"omitted":	false,
				"sender":	true
			}
		}, {
			"streams":	[{
					"socket":	5,
					"start":	5.021109,
					"end":	6.021751,
					"seconds":	1.000641942024231,
					"bytes":	49807360,
					"bits_per_second":	398203256.59540576,
					"retransmits":	0,
					"snd_cwnd":	267880,
					"rtt":	3359,
					"rttvar":	753,
					"pmtu":	1500,
					"omitted":	false,
					"sender":	true
				}],
			"sum":	{
				"start":	5.021109,
				"end":	6.021751,
				"seconds":	1.000641942024231,
				"bytes":	49807360,
				"bits_per_second":	398203256.59540576,
				"retransmits":	0,
				"omitted":	false,
				"sender":	true
			}
		}, {
			"streams":	[{
					"socket":	5,
					"start":	6.021751,
					"end":	7.022825,
					"seconds":	1.001073956489563,
					"bytes":	49807360,
					"bits_per_second":	398031411.58248109,
					"retransmits":	0,
					"snd_cwnd":	267880,
					"rtt":	2101,
					"rttvar":	475,
					"pmtu":	1500,
					"omitted":	false,
					"sender":	true
				}],
			"sum":	{
				"start":	6.021751,
				"end":	7.022825,
				"seconds":	1.001073956489563,
				"bytes":	49807360,
				"bits_per_second":	398031411.58248109,
				"retransmits":	0,
				"omitted":	false,
				"sender":	true
			}
		}, {
			"streams":	[{
					"socket":	5,
					"start":	7.022825,
					"end":	8.024456,
					"seconds":	1.0016310214996338,
					"bytes":	49807360,
					"bits_per_second":	397810043.26666182,
					"retransmits":	0,
					"snd_cwnd":	267880,
					"rtt":	2469,
					"rttvar":	185,
					"pmtu":	1500,
					"omitted":	false,
					"sender":	true
				}],
			"sum":	{
				"start":	7.022825,
				"end":	8.024456,
				"seconds":	1.0016310214996338,
				"bytes":	49807360,
				"bits_per_second":	397810043.26666182,
				"retransmits":	0,
				"omitted":	false,
				"sender":	true
			}
		}, {
			"streams":	[{
					"socket":	5,
					"start":	8.024456,
					"end":	9.018154,
					"seconds":	0.993698000907898,
					"bytes":	49807360,
					"bits_per_second":	400985892.73194242,
					"retransmits":	0,
					"snd_cwnd":	267880,
					"rtt":	2412,
					"rttvar":	439,
					"pmtu":	1500,
					"omitted":	false,
					"sender":	true
				}],
			"sum":	{
				"start":	8.024456,
				"end":	9.018154,
				"seconds":	0.993698000907898,
				"bytes":	49807360,
				"bits_per_second":	400985892.73194242,
				"retransmits":	0,
				"omitted":	false,
				"sender":	true
			}
		}, {
			"streams":	[{
					"socket":	5,
					"start":	9.018154,
					"end":	10.004994,
					"seconds":	0.986840009689331,
					"bytes":	49807360,
					"bits_per_second":	403772522.48359853,
					"retransmits":	0,
					"snd_cwnd":	267880,
					"rtt":	2144,
					"rttvar":	328,
					"pmtu":	1500,
					"omitted":	false,
					"sender":	true
				}],
			"sum":	{
				"start":	9.018154,
				"end":	10.004994,
				"seconds":	0.986840009689331,
				"bytes":	49807360,
				"bits_per_second":	403772522.48359853,
				"retransmits":	0,
				"omitted":	false,
				"sender":	true
			}
		}],
	"end":	{
		"streams":	[{
				"sender":	{
					"socket":	5,
					"start":	0,
					"end":	10.004994,
					"seconds":	10.004994,
					"bytes":	501267000,
					"bits_per_second":	400813433.77117467,
					"retransmits":	0,
					"max_snd_cwnd":	267880,
					"max_rtt":	3359,
					"min_rtt":	2101,
					"mean_rtt":	2448,
					"sender":	true
				},
				"receiver":	{
					"socket":	5,
					"start":	0,
					"end":	10.045679,
					"seconds":	10.004994,
					"bytes":	501267000,
					"bits_per_second":	399190139.36240649,
					"sender":	true
				}
			}],
		"sum_sent":	{
			"start":	0,
			"end":	10.004994,
			"seconds":	10.004994,
			"bytes":	501267000,
			"bits_per_second":	400813433.77117467,
			"retransmits":	0,
			"sender":	true
		},
		"sum_received":	{
			"start":	0,
			"end":	10.045679,
			"seconds":	10.045679,
			"bytes":	501267000,
			"bits_per_second":	399190139.36240649,
			"sender":	true
		},
		"cpu_utilization_percent":	{
			"host_total":	96.578576162408154,
			"host_user":	0,
			"host_system":	96.578556346676621,
			"remote_total":	1.0752135929351976,
			"remote_user":	0.062168411408705257,
			"remote_system":	1.0130447938268605
		},
		"sender_tcp_congestion":	"cubic",
		"receiver_tcp_congestion":	"cubic"
	}
}
{
	"start":	{
		"connected":	[{
				"socket":	5,
				"local_host":	"10.10.12.1",
				"local_port":	47384,
				"remote_host":	"10.10.12.2",
				"remote_port":	5201
			}],
		"version":	"iperf 3.7",